Player_Type,Player_Levels,Opponent_Type,Opponent_Levels,Player_Score,Opponent_Score,Score_Differential,Player_Pieces_Left,Opponent Pieces Left,# rounds,w1 - score per opp dot,w2 - opp dot dist from player start,w3 - score per opp dot open corners #,w4 - score per player dot,w5 - player dot dist from opp start,w6 - score per player dot open corners #,w7 - player score multiplier,w8 - opponent score multiplier,w9 - piece difficulty weight,only 5s rounds,rounds choosing only difficult pieces,# of difficult pieces included,time taken
playSmart_v2,"[[0, 1]]",randomTurn,"[[0, 1]]",40,51,-11,"[2, 3, 4, 5, 7, 12, 14, 16]","[4, 6, 13, 14, 15]",28,30.877827479667268,7.927984045316575,52.693940807985356,53.93183705237289,48.575654488926126,9.919440554223446,34.695910029194955,25.35501855642376,49.76734481590459,1,9,1
randomTurn,"[[0, 1]]",playSmart_v2,"[[0, 1]]",51,40,11,"[4, 6, 13, 14, 15]","[2, 3, 4, 5, 7, 12, 14, 16]",28,5.640327554794095,55.647743248248744,28.054213064712727,59.94687595640878,36.118401424901904,22.3488289016637,46.173173496995005,55.81578933370253,13.303649798680697,2,6,8
randomTurn,"[[0, 1]]",playSmart_v1,"[[0, 1]]",46,55,-9,"[3, 4, 13, 14, 15, 16]","[4, 12, 15, 20]",31,37.50383627154612,14.635331771081551,32.082659073770586,5.951981013095713,50.816254710127886,33.170395169322546,35.68463932558538,41.12423007780956,22.892799770693834,8,5,7
playSmart_v1,"[[0, 1]]",randomTurn,"[[0, 1]]",55,46,9,"[4, 12, 15, 20]","[3, 4, 13, 14, 15, 16]",31,32.62523735288079,33.64864105142473,34.5930255194381,9.272014385081542,28.321462183821275,18.213424120052892,16.142871237703602,11.724938348576012,8.508133491560251,1,4,8
playSmart_v1,"[[0, 1]]",playSmart_v2,"[[0, 1]]",61,60,1,"[7, 12, 15]","[4, 14, 15]",33,53.57153012039406,47.70794755720098,4.69233811837653,37.74533597855679,25.6396038609148,19.389627216853796,56.9886760202417,56.017865761471626,37.87840070081529,1,8,9

playSmart_v2,"[[0, 1]]",playSmart_v1,"[[0, 1]]",60,61,-1,"[4, 14, 15]","[7, 12, 15]",33,49.786107474144885,36.88995912652585,45.82457315988732,3.951252332709249,41.06979631226975,8.43513385080326,13.678979698333645,55.53920202479146,32.45438026948777,10,8,10

playSmart_v1,"[[0, 1]]",playSmart_v1,"[[129, 1], [84, 2], [0, 3]]",66,46,20,"[3, 15]","[3, 5, 6, 7, 12, 14, 17]",34,6.783092731097442,57.180461984142255,27.58316878748474,8.131968021923356,47.33550411591807,3.633010234380377,24.20882882222139,31.23960552467982,45.45891000525225,2,1,5

playSmart_v1,"[[129, 1], [84, 2], [0, 3]]",playSmart_v1,"[[0, 1]]",46,66,-20,"[3, 5, 6, 7, 12, 14, 17]","[3, 15]",34,32.31300929471847,55.30684520922544,14.945722055018184,11.281887338631211,15.303640996525033,22.852808432031747,58.01089386211159,24.95157037591453,11.87367631824425,0,4,5

randomTurn,"[[0, 1]]",playSmart_v1,"[[0, 1]]",61,61,0,"[7, 9, 13]","[3, 4, 12]",33,44.04853607041057,49.938979764961495,34.993834780618684,40.71550636962423,33.80207998397035,41.792327429029214,50.14045160048278,43.546943921431335,54.3713580811102,9,3,5

playSmart_v1,"[[0, 1]]",randomTurn,"[[0, 1]]",61,61,0,"[3, 4, 12]","[7, 9, 13]",33,47.55058395833616,50.09511139080637,25.9451572072047,28.640339469836505,23.71940662042953,51.758703105316826,1.202617006724743,49.92383358859678,50.32541469619311,1,1,2

randomTurn,"[[946, 1], [815, 2], [114, 3], [44, 4], [0, 5]]",playSmart_v2,"[[315, 1], [0, 2]]",37,65,-28,"[4, 5, 6, 12, 13, 15, 16, 19]","[12, 15]",35,20.654628779371876,40.36585036357919,42.85859228793724,31.70961745129855,43.587429426926434,47.9680651825338,26.402800191877596,25.21462181926443,16.207560803130086,0,4,7

playSmart_v2,"[[315, 1], [0, 2]]",randomTurn,"[[946, 1], [815, 2], [114, 3], [44, 4], [0, 5]]",65,37,28,"[12, 15]","[4, 5, 6, 12, 13, 15, 16, 19]",35,55.083746438564084,13.153485025893339,18.980082784508323,43.23021478090468,12.596372636716106,33.76243115854876,47.83179048817131,6.419360235807085,7.218161986693619,6,8,9

playSmart_v1,"[[245, 1], [53, 2], [0, 3]]",randomTurn,"[[812, 1], [489, 2], [117, 3], [75, 4], [0, 5]]",45,46,-1,"[1, 2, 12, 14, 15, 16, 19]","[5, 11, 12, 13, 14, 15]",27,18.083519812030875,50.460240994102826,55.70487102608708,31.212512783117834,41.58012351587668,58.35064170549364,57.359960297035755,33.43112101357379,43.566829028990405,10,2,10

randomTurn,"[[812, 1], [489, 2], [117, 3], [75, 4], [0, 5]]",playSmart_v1,"[[245, 1], [53, 2], [0, 3]]",46,45,1,"[5, 11, 12, 13, 14, 15]","[1, 2, 12, 14, 15, 16, 19]",27,37.18172563073048,43.50776365066081,54.37191654882817,43.938215157837135,14.802341251307249,12.080780733006529,47.39604408118897,34.044922453198176,52.00124745495597,2,3,8

playSmart_v1,"[[257, 1], [44, 2], [26, 3], [0, 4]]",playSmart_v1,"[[815, 1], [0, 2]]",60,26,34,"[4, 14, 15]","[2, 3, 6, 9, 12, 13, 14, 15, 16, 17, 19]",32,1.234403434578423,10.382380549443983,24.655069046258124,13.671821414214058,42.21841631554817,36.220876291782425,7.319628286304598,22.28786010273177,28.2195964231991,6,1,7

playSmart_v1,"[[815, 1], [0, 2]]",playSmart_v1,"[[257, 1], [44, 2], [26, 3], [0, 4]]",26,60,-34,"[2, 3, 6, 9, 12, 13, 14, 15, 16, 17, 19]","[4, 14, 15]",32,35.47083759847796,27.793108658427364,52.04403303880279,56.11854921361303,59.27792402560261,21.96623127264332,39.08092565483345,54.53969238064003,8.515991842728303,8,5,7

playSmart_v1,"[[400, 1], [99, 2], [0, 3]]",randomTurn,"[[223, 1], [116, 2], [0, 3]]",44,46,-2,"[3, 4, 7, 15, 17, 19, 20]","[3, 9, 12, 13, 16, 20]",27,58.485869242554344,44.50401024517906,22.74463801534717,45.83111151669339,56.15810041083891,10.23286773320708,37.98202511695611,21.830995915614512,2.816352151934341,10,7,9

randomTurn,"[[223, 1], [116, 2], [0, 3]]",playSmart_v1,"[[400, 1], [99, 2], [0, 3]]",46,44,2,"[3, 9, 12, 13, 16, 20]","[3, 4, 7, 15, 17, 19, 20]",27,14.532919872517375,7.098014230635825,35.67440654198705,21.620470630429494,53.082916876960155,32.83673230883761,43.220166521791114,15.314160287638556,7.223904420006977,2,7,9

randomTurn,"[[312, 1], [0, 2]]",randomTurn,"[[630, 1], [0, 2]]",65,50,15,"[11, 14]","[4, 13, 14, 15, 16]",34,46.09542043404716,8.422715378099532,8.173232808056039,40.04286783377229,40.5102322540811,44.63850183823325,31.336474134992265,45.45292992069781,3.453511019780974,5,3,6

randomTurn,"[[630, 1], [0, 2]]",randomTurn,"[[312, 1], [0, 2]]",50,65,-15,"[4, 13, 14, 15, 16]","[11, 14]",34,9.563425496716562,16.425882523357416,53.42160198731581,54.1776621651205,46.654204708535,9.763792435030123,25.89160788283833,14.413000068114421,25.000902552766487,2,0,4

randomTurn,"[[998, 1], [956, 2], [145, 3], [0, 4]]",playSmart_v1,"[[982, 1], [0, 2]]",61,39,22,"[3, 4, 13]","[6, 7, 9, 11, 13, 14, 17, 19]",32,24.204433697209602,35.17076818939177,10.974554029501594,36.43938075545471,50.0761761338398,58.321778089142185,41.90750810954274,40.52531093034357,23.87631282561022,9,5,9

playSmart_v1,"[[982, 1], [0, 2]]",randomTurn,"[[998, 1], [956, 2], [145, 3], [0, 4]]",39,61,-22,"[6, 7, 9, 11, 13, 14, 17, 19]","[3, 4, 13]",32,42.506934421231506,42.344518091030096,6.422175036645308,22.007733568064218,9.79523446604675,59.51646406799737,52.44461886963685,59.0695539211349,11.84332185884495,9,8,10

randomTurn,"[[0, 1]]",playSmart_v1,"[[299, 1], [134, 2], [0, 3]]",38,61,-23,"[3, 4, 5, 7, 13, 14, 16, 20]","[3, 4, 12]",33,22.00892829221598,33.64347961524407,34.747658151367524,35.929619514395014,35.84455599990042,12.101454639648344,11.123003177210652,52.35151952640162,21.27595578576851,10,1,6

playSmart_v1,"[[299, 1], [134, 2], [0, 3]]",randomTurn,"[[0, 1]]",61,38,23,"[3, 4, 12]","[3, 4, 5, 7, 13, 14, 16, 20]",33,14.054378222570591,53.08539820816191,44.14664030754912,52.25663290496025,1.3920275447256625,27.07168108544978,57.15138776333702,9.314122950074742,17.985915158190682,4,2,3

playSmart_v2,"[[370, 1], [0, 2]]",playSmart_v2,"[[448, 1], [21, 2], [0, 3]]",65,63,2,"[12, 14]","[3, 14, 17]",34,22.712752690424352,3.3149635922993057,57.24292041778787,33.076720870160734,25.393168396446644,32.68964505819764,57.23735568645876,15.48975207209217,14.291589243227586,5,4,10

playSmart_v2,"[[448, 1], [21, 2], [0, 3]]",playSmart_v2,"[[370, 1], [0, 2]]",63,65,-2,"[3, 14, 17]","[12, 14]",34,34.551053871725976,45.70455865537355,15.456613370012,23.172460769293178,28.744086004114607,30.596684096116622,50.593467228605725,23.788879811430853,6.631771800563951,9,6,8

randomTurn,"[[431, 1], [341, 2], [306, 3], [275, 4], [0, 5]]",randomTurn,"[[0, 1]]",51,42,9,"[3, 9, 12, 13, 14]","[3, 5, 9, 13, 14, 19, 20]",28,52.61505218405495,53.03854908084215,42.38898293442904,52.487579397841834,57.820563297512976,53.02643775514499,16.179917818895024,55.74993245577071,20.15765478694794,8,4,7

randomTurn,"[[0, 1]]",randomTurn,"[[431, 1], [341, 2], [306, 3], [275, 4], [0, 5]]",42,51,-9,"[3, 5, 9, 13, 14, 19, 20]","[3, 9, 12, 13, 14]",28,3.2090607969430667,37.613726115263816,36.84939223485748,17.501375930511724,49.84275528515127,34.850329359899256,57.20708030018652,14.84880812014888,18.97921110329355,3,8,10

randomTurn,"[[734, 1], [203, 2], [83, 3], [80, 4], [0, 5]]",playSmart_v2,"[[712, 1], [154, 2], [0, 3]]",41,55,-14,"[5, 9, 11, 12, 13, 14, 15]","[4, 14, 15, 16]",31,35.876916304300366,43.27432392813217,36.15043267971285,17.61332066354416,15.186374517930798,45.561745417929586,56.042226984370366,46.67810945412627,7.6884993176132985,5,0,5

playSmart_v2,"[[712, 1], [154, 2], [0, 3]]",randomTurn,"[[734, 1], [203, 2], [83, 3], [80, 4], [0, 5]]",55,41,14,"[4, 14, 15, 16]","[5, 9, 11, 12, 13, 14, 15]",31,31.825907000711407,55.6606198195463,21.238361885546755,28.622770238376763,44.87219350062953,35.483278333306004,57.93484121392757,8.459383039233167,16.750860417766255,7,3,5

randomTurn,"[[574, 1], [515, 2], [404, 3], [80, 4], [0, 5]]",playSmart_v1,"[[617, 1], [0, 2]]",49,32,17,"[2, 3, 4, 5, 12, 13]","[5, 7, 9, 11, 12, 13, 14, 16, 19]",26,37.272522450831765,36.0894799106578,23.111517735743163,28.446257712682026,27.213603461422903,16.898624020730477,26.74686910655959,13.797694578900295,19.056972451531973,1,2,3,9.701257467269897

playSmart_v1,"[[617, 1], [0, 2]]",randomTurn,"[[574, 1], [515, 2], [404, 3], [80, 4], [0, 5]]",32,49,-17,"[5, 7, 9, 11, 12, 13, 14, 16, 19]","[2, 3, 4, 5, 12, 13]",26,54.832303602772825,29.38940632831524,52.025130607385314,55.09167984768808,36.889221833016904,33.07198243865943,29.841852076599068,37.73846592216302,55.354979221580884,4,0,10,9.701257467269897

randomTurn,"[[141, 1], [104, 2], [100, 3], [0, 4]]",playSmart_v1,"[[0, 1]]",41,56,-15,"[2, 5, 6, 9, 12, 13, 16, 17]","[3, 12, 14, 19]",31,40.82105909767629,46.27011006647039,50.596816742552214,44.24571693717593,51.46345088771613,48.23805999835532,18.745265793187357,16.6095270210998,42.70166112460004,2,1,7,8.477073669433594

playSmart_v1,"[[0, 1]]",randomTurn,"[[141, 1], [104, 2], [100, 3], [0, 4]]",56,41,15,"[3, 12, 14, 19]","[2, 5, 6, 9, 12, 13, 16, 17]",31,12.307400126443454,59.54967189455011,33.53447558963585,20.007380873715544,23.137873084369435,45.09591744503112,23.229847797616866,45.85849558640258,11.193379484971246,7,3,5,8.477073669433594

randomTurn,"[[460, 1], [0, 2]]",randomTurn,"[[972, 1], [450, 2], [0, 3]]",60,45,15,"[4, 13, 16]","[4, 9, 11, 12, 13, 16]",32,26.437045820058806,17.603724083964323,41.92892156643073,6.662759410873124,13.375299350468692,6.1394972444278535,17.295218616552933,4.631415970509856,1.8685346591607241,8,3,10,0.16208648681640625

randomTurn,"[[972, 1], [450, 2], [0, 3]]",randomTurn,"[[460, 1], [0, 2]]",45,60,-15,"[4, 9, 11, 12, 13, 16]","[4, 13, 16]",32,47.368209271082115,33.732302569343105,13.302012700806792,7.616513027144421,46.52038484018403,18.215579898334802,58.3715073009091,3.0855756310273237,32.35923116195899,10,3,8,0.16208648681640625

randomTurn,"[[0, 1]]",randomTurn,"[[0, 1]]",55,56,-1,"[4, 12, 13, 14]","[3, 12, 13, 14]",31,4.754961474997145,34.97580955018424,38.08820597092992,27.86780528869118,16.613845710378605,8.755588493875061,52.892011093178105,51.24696401794266,37.13832489511654,7,7,9,0.14952826499938965

randomTurn,"[[0, 1]]",randomTurn,"[[0, 1]]",56,55,1,"[3, 12, 13, 14]","[4, 12, 13, 14]",31,21.390027201629415,47.08065850126136,51.51127841952604,6.509405108204428,6.267416942333695,40.77350459233354,36.79301034812765,50.81399093741989,9.536003248492923,2,3,5,0.14952826499938965

randomTurn,"[[668, 1], [0, 2]]",randomTurn,"[[488, 1], [386, 2], [0, 3]]",51,51,0,"[4, 5, 13, 14, 16]","[4, 5, 13, 15, 20]",29,30.189297323634197,42.07012200094355,51.60033295372025,44.732715546007746,43.08394814950207,2.9125225713660527,50.839203950822196,51.00488299262971,35.4992275384992,6,6,8,0.15100717544555664

randomTurn,"[[488, 1], [386, 2], [0, 3]]",randomTurn,"[[668, 1], [0, 2]]",51,51,0,"[4, 5, 13, 15, 20]","[4, 5, 13, 14, 16]",29,52.84692479374574,34.193641951370445,2.609249917651078,22.17406035436253,16.22547508855442,1.271936247880524,9.499975849354664,5.9983852341674,51.838951530727165,10,8,10,0.15100717544555664

playSmart_v2,"[[449, 1], [154, 2], [0, 3]]",playSmart_v1,"[[607, 1], [0, 2]]",65,31,34,"[14, 15]","[5, 9, 11, 12, 13, 14, 15, 16, 20]",34,8.988369321526104,40.50814410872624,54.52625965856399,9.428405452611376,25.09549819428622,51.99003849331902,59.535593605092906,16.018476662032548,10.00801103840985,7,4,9,75.00028824806213

playSmart_v1,"[[607, 1], [0, 2]]",playSmart_v2,"[[449, 1], [154, 2], [0, 3]]",31,65,-34,"[5, 9, 11, 12, 13, 14, 15, 16, 20]","[14, 15]",34,2.3571280955044123,49.81932762486651,24.609344745878943,16.573743603353776,50.45032488998526,23.116384043379018,40.87467036555742,12.377085053334502,42.93867648158206,3,6,9,75.00028824806213

randomTurn,"[[259, 1], [0, 2]]",playSmart_v1,"[[280, 1], [0, 2]]",50,66,-16,"[12, 13, 15, 16, 19]","[3, 4]",35,16.59882281701031,35.15952204060636,51.27387006502204,20.716327183724168,56.004578339731516,28.24058238167791,56.13264332230061,43.920122788141704,2.8282096617939696,7,1,3,10.366383790969849

playSmart_v1,"[[280, 1], [0, 2]]",randomTurn,"[[259, 1], [0, 2]]",66,50,16,"[3, 4]","[12, 13, 15, 16, 19]",35,27.505244840771525,28.466730031558523,10.109810755553038,16.315875000727768,14.515774960202963,42.45207438880014,59.971848035006566,36.67775040828712,10.151457996277328,2,2,8,10.366383790969849

playSmart_v1,"[[268, 1], [39, 2], [0, 3]]",randomTurn,"[[572, 1], [419, 2], [0, 3]]",65,60,5,"[14, 15]","[13, 14, 16]",34,27.931928155976024,21.31306240704077,52.2793118638264,57.65837648018786,10.746124494713516,47.52145613372733,19.9716131434276,21.862907419627774,3.676413563115404,0,6,9,12.696059226989746

randomTurn,"[[572, 1], [419, 2], [0, 3]]",playSmart_v1,"[[268, 1], [39, 2], [0, 3]]",60,65,-5,"[13, 14, 16]","[14, 15]",34,46.62627211022086,53.85734592499234,48.06972990818161,35.578610122153236,37.67745178688491,2.539548783684918,37.26398888561328,58.31837875673582,45.60319686657458,2,2,10,12.696059226989746

playSmart_v1,"[[969, 1], [399, 2], [260, 3], [149, 4], [0, 5]]",playSmart_v1,"[[0, 1]]",32,55,-23,"[1, 5, 7, 9, 12, 14, 15, 16, 17, 19]","[4, 14, 15, 19]",31,13.93745475572283,7.989507101962713,14.82082259016236,17.466409241349634,6.301238892693228,25.53546012086678,54.79917673648882,27.339222074936583,27.473879371711305,9,3,8,27.93344783782959

playSmart_v1,"[[0, 1]]",playSmart_v1,"[[969, 1], [399, 2], [260, 3], [149, 4], [0, 5]]",55,32,23,"[4, 14, 15, 19]","[1, 5, 7, 9, 12, 14, 15, 16, 17, 19]",31,33.23138743630337,11.017180746294487,56.55579808006158,43.00488451090769,47.041726099720506,40.64621851073298,28.1514515148626,25.127975645882216,59.43542651274921,8,1,5,27.93344783782959

randomTurn,"[[372, 1], [102, 2], [15, 3], [8, 4], [0, 5]]",randomTurn,"[[0, 1]]",50,60,-10,"[4, 12, 13, 14, 16]","[4, 15, 19]",33,51.38229057257044,20.11970296404517,25.751966917588415,44.50166274599858,26.969678320739213,10.812273611355245,59.07398985162133,1.7939618828996016,30.455861077197618,7,4,9,0.16279935836791992

randomTurn,"[[0, 1]]",randomTurn,"[[372, 1], [102, 2], [15, 3], [8, 4], [0, 5]]",60,50,10,"[4, 15, 19]","[4, 12, 13, 14, 16]",33,5.667294663306777,26.327107849326662,2.3055555469294027,8.487395312876671,42.14143764304737,53.007486470199595,29.179233254050978,33.12835897720958,16.161368700199567,4,5,6,0.16279935836791992

playSmart_v2,"[[280, 1], [224, 2], [0, 3]]",randomTurn,"[[340, 1], [300, 2], [0, 3]]",60,32,28,"[14, 15, 19]","[5, 6, 11, 12, 13, 14, 15, 16, 19]",32,52.52390965263462,20.873778297841774,41.920532115721635,3.6538781751608207,43.35714719229255,55.36345599300454,25.765742746125373,58.970971546399824,11.759565056649741,0,2,10,75.42558479309082

randomTurn,"[[340, 1], [300, 2], [0, 3]]",playSmart_v2,"[[280, 1], [224, 2], [0, 3]]",32,60,-28,"[5, 6, 11, 12, 13, 14, 15, 16, 19]","[14, 15, 19]",32,21.298919105976108,6.293746206503585,28.03353267422098,48.440562394973746,34.1372778184853,2.7366328482420443,39.63014205566969,13.228100075060912,49.63957446686665,3,8,9,75.42558479309082

playSmart_v1,"[[588, 1], [0, 2]]",playSmart_v1,"[[0, 1]]",16,66,-50,"[1, 2, 3, 5, 6, 7, 9, 11, 13, 14, 15, 16, 17, 19]","[3, 4]",35,40.42545623797209,30.779582617939973,59.48581599682608,43.61966427655022,20.786904073298384,9.96636983697668,24.417975100201232,25.777136916224176,21.320470018721046,7,8,9,15.509824752807617

playSmart_v1,"[[0, 1]]",playSmart_v1,"[[588, 1], [0, 2]]",66,16,50,"[3, 4]","[1, 2, 3, 5, 6, 7, 9, 11, 13, 14, 15, 16, 17, 19]",35,11.942507005827261,13.647382453981272,4.859555835964047,7.374943501187322,45.201684886794396,51.80705885749439,45.375020357036604,11.233916938684548,20.54785555081073,4,7,8,15.509824752807617

playSmart_v1,"[[0, 1]]",randomTurn,"[[959, 1], [245, 2], [0, 3]]",65,57,8,"[4, 12]","[2, 13, 14, 15]",34,38.551797759289556,30.822759051803235,49.404023296185315,49.61571536409169,14.161706676444146,33.6261858117927,6.063755604218986,32.69773373562117,30.927909274628256,4,8,10,11.448026418685913

randomTurn,"[[959, 1], [245, 2], [0, 3]]",playSmart_v1,"[[0, 1]]",57,65,-8,"[2, 13, 14, 15]","[4, 12]",34,5.015353618646334,31.840182586848336,48.53888609714078,55.91794994639992,28.683624096906648,51.54031130178669,32.5130589422578,14.534027643891438,55.07458127179313,0,3,10,11.448026418685913

playSmart_v2,"[0, 1]",playSmart_v1,"[[106, 1], [31, 2], [0, 3]]",65,53,12,"[4, 14]","[2, 3, 4, 12, 14]",34,4.212651388831884,45.23252340960238,45.649403809689595,20.15755025561914,52.05766037564408,17.394907581433724,46.533710725363974,27.678905217221654,4.182846228940323,3,6,9,42.53720545768738

playSmart_v1,"[[106, 1], [31, 2], [0, 3]]",playSmart_v2,"[0, 1]",53,65,-12,"[2, 3, 4, 12, 14]","[4, 14]",34,36.75773091559568,6.202732686583072,36.128497231589726,25.104929497557862,36.40353916846395,6.8669492005273565,4.395158215373678,15.222630602831096,13.790463342797523,7,1,10,42.53720545768738

playSmart_v1,"[0, 1]",playSmart_v1,"[[199, 1], [133, 2], [0, 3]]",63,54,9,"[2, 7, 15]","[2, 3, 5, 14, 15]",32,10.813353455913637,56.91459696490418,10.564669109124079,50.25459127022879,11.267126257456303,4.422543630945641,5.386216206835508,25.262087825785706,15.524702711336301,3,0,7,14.63351559638977

playSmart_v1,"[[199, 1], [133, 2], [0, 3]]",playSmart_v1,"[0, 1]",54,63,-9,"[2, 3, 5, 14, 15]","[2, 7, 15]",32,13.668019120970673,20.972655098705097,41.811257079585545,27.966457095685005,16.816797161760583,58.15783801191805,10.077966239009966,12.301611537583879,17.158077677474957,6,2,6,14.63351559638977

randomTurn,0,randomTurn,"[[428, 1], [0, 2]]",56,46,10,"[3, 12, 13, 16]","[3, 4, 11, 13, 15, 20]",30,25.848303686404343,25.065483952699807,23.73965068039826,42.42991313071171,41.977615507427345,57.50079631761846,42.47029987296392,37.299075060396966,46.385344978993025,0,5,10,0.16577553749084473

randomTurn,"[[428, 1], [0, 2]]",randomTurn,0,46,56,-10,"[3, 4, 11, 13, 15, 20]","[3, 12, 13, 16]",30,33.69364510833573,35.2243245582714,53.74550550183243,12.269346277817984,2.058270902603109,2.3666132287451385,15.752881786490372,56.68749045809072,53.23976502890842,8,3,10,0.16577553749084473

randomTurn,"[0, 1]",playSmart_v1,"[[114, 1], [0, 2]]",44,61,-17,"[1, 3, 11, 12, 13, 14, 19]","[3, 4, 12]",33,24.610603921190066,21.993302048026475,44.856433473421006,10.512761416917238,36.46367848048769,52.71963800099466,3.64946426544723,23.390372282487668,30.0489329891823,5,4,5,12.046204328536987

playSmart_v1,"[[114, 1], [0, 2]]",randomTurn,"[0, 1]",61,44,17,"[3, 4, 12]","[1, 3, 11, 12, 13, 14, 19]",33,45.79496877654345,54.224988785171604,31.004799225153416,2.707587418963369,30.275438811571533,36.00011252478634,46.28889088082025,40.195874815620726,54.69555095456628,4,6,10,12.046204328536987

playSmart_v1,"[0, 1]",playSmart_v2,"[[524, 1], [0, 2]]",65,59,6,"[14, 16]","[2, 3, 7, 16]",34,52.680288874810714,53.92734592884005,28.45821580885904,25.505998897326368,6.713097839371824,22.228575723302562,17.814737423779896,17.149225098244848,51.69911030275544,3,0,4,28.905943870544434

playSmart_v2,"[[524, 1], [0, 2]]",playSmart_v1,"[0, 1]",59,65,-6,"[2, 3, 7, 16]","[14, 16]",34,35.07925981303579,23.725092281949266,48.25034453583584,21.439268674179495,5.589134567390191,56.89083256667512,27.490028901782754,1.360917773872519,28.472956946069825,6,5,7,28.905943870544434

playSmart_v1,"[0, 1]",playSmart_v1,"[[861, 1], [0, 2]]",69,63,6,"[2, 17]","[5, 16, 17]",34,20.55729925178172,11.584991863532652,44.35813478844051,4.261330800161359,1.4637548045381465,28.360637071859642,29.45424820775224,31.557921377247503,22.4600942975944,9,8,9,1.3736834526062012

playSmart_v1,"[[861, 1], [0, 2]]",playSmart_v1,"[0, 1]",63,69,-6,"[5, 16, 17]","[2, 17]",34,31.77824080559226,19.859939451296494,8.613317425147129,57.06941906496376,18.30938439693095,5.913238512756655,15.295377472270177,13.484528081826278,38.03111716300783,5,0,1,1.3736834526062012

playSmart_v1,0,randomTurn,"[[422, 1], [267, 2], [0, 3]]",56,42,14,"[3, 4, 15, 19]","[3, 4, 5, 9, 12, 13, 20]",30,32.95303585762723,5.75701988827985,40.945535808666264,13.91049070876915,39.74372059155281,3.370161459130109,31.409352655137198,41.91061005987484,17.591955322458254,0,7,10,1.566598892211914

randomTurn,"[[422, 1], [267, 2], [0, 3]]",playSmart_v1,0,42,56,-14,"[3, 4, 5, 9, 12, 13, 20]","[3, 4, 15, 19]",30,56.24387127899022,51.21488065938394,45.06650567166952,48.23911100102071,33.31483185256485,51.94332776002852,41.01514443545179,24.410434083081423,16.55867570644191,1,6,9,1.566598892211914

playSmart_v1,0,randomTurn,"[[924, 1], [0, 2]]",51,47,4,"[3, 4, 12, 14, 15]","[1, 5, 7, 13, 14, 16, 17]",28,31.03788693193475,23.4130175429361,22.51194459747961,57.10115048851469,10.700739084738391,42.97262589763175,14.566917236667056,26.391926018187863,7.084276867316748,7,5,8,0.9585509300231934

randomTurn,"[[924, 1], [0, 2]]",playSmart_v1,0,47,51,-4,"[1, 5, 7, 13, 14, 16, 17]","[3, 4, 12, 14, 15]",28,37.88772750950139,52.675187833538494,22.551422010072635,42.747564440613964,5.498321799081184,13.674437515844765,41.775382020267116,13.532596683310954,54.13643698378661,4,1,8,0.9585509300231934

playSmart_v1,"[0, 1]",playSmart_v1,"[[98, 1], [57, 2], [0, 3]]",65,59,6,"[14, 16]","[2, 15, 16, 17]",34,49.84760321580485,46.57074187744555,13.178003770444597,52.23158804083986,11.215844564158981,26.328312625812373,22.940664278528224,24.791069627392755,46.83736772006791,1,3,9,2.1429309844970703

playSmart_v1,"[[98, 1], [57, 2], [0, 3]]",playSmart_v1,"[0, 1]",59,65,-6,"[2, 15, 16, 17]","[14, 16]",34,58.696655654025264,55.99729729908948,31.36638275646679,47.10882477166227,27.485041203544608,38.63028188851698,26.159245556030612,30.083417644834046,59.52208302122479,2,6,7,2.1429309844970703

playSmart_v2,"[0, 1]",playSmart_v1,"[[978, 1], [0, 2]]",62,55,7,"[5, 6, 19]","[1, 2, 12, 16, 19]",32,17.20257795035528,50.96469903594778,42.17637110454067,1.9411678072529717,24.102747248816993,1.1113875368559265,4.280507345370813,10.974059415087622,2.6338943041435754,7,8,9,66.49835991859436

playSmart_v1,"[[978, 1], [0, 2]]",playSmart_v2,"[0, 1]",55,62,-7,"[1, 2, 12, 16, 19]","[5, 6, 19]",32,54.52659174475438,21.478040670273707,3.4176756303403435,22.207695084885977,13.378479210779473,16.013339100675516,49.69164541634574,11.98325648266681,57.92650266554003,5,1,6,66.49835991859436

playSmart_v1,0,randomTurn,"[[0, 1]]",57,60,-3,"[4, 12, 14, 17]","[15, 16, 19]",33,20.963121170376635,4.5279392059432295,33.8695047167298,20.25222320313198,22.772136861562522,18.00787148521454,47.38202664760954,39.39697339303815,9.311480341565396,5,2,4,2.1291263103485107

randomTurn,"[[0, 1]]",playSmart_v1,0,60,57,3,"[15, 16, 19]","[4, 12, 14, 17]",33,18.165992458476396,34.18182681406846,51.39819750973001,42.259682327097025,29.888182007302216,36.01878250924991,12.126175766248569,10.063955825314304,59.59226084334597,1,6,8,2.1291263103485107

randomTurn,0,playSmart_v2,"[[130, 1], [85, 2], [0, 3]]",55,66,-11,"[9, 12, 13, 14]","[3, 16]",35,45.636332832672714,4.172365009175719,57.33763716263724,10.836375890992311,44.67361046839731,27.02849290491113,7.208619607512804,34.40926130629705,5.289543391572673,9,5,9,53.95481991767883

playSmart_v2,"[[130, 1], [85, 2], [0, 3]]",randomTurn,0,66,55,11,"[3, 16]","[9, 12, 13, 14]",35,12.958196233789913,13.92760330711033,54.7182485173432,32.07509253951588,57.4350308561304,17.784000015783956,46.770484979171954,58.3126941482018,45.608170291178276,1,5,6,53.95481991767883

playSmart_v1,"[0, 1]",playSmart_v1,"[[0, 1]]",66,58,8,"[5, 14]","[5, 15, 16, 17]",34,57.42470718750725,48.45486477379228,20.839496100215843,51.258755367097834,10.145603478640362,33.65691944075575,52.090410682092894,6.461991302718889,14.973406596821903,3,0,2,2.773099660873413

playSmart_v1,"[[0, 1]]",playSmart_v1,"[0, 1]",58,66,-8,"[5, 15, 16, 17]","[5, 14]",34,6.86435325602296,35.22550505030049,16.58430876174763,21.50931313192144,44.46619442573748,17.634500167794876,10.901450041195332,7.774450355476077,4.492354328622195,7,8,9,2.773099660873413

randomTurn,0,randomTurn,"[[857, 1], [0, 2]]",46,51,-5,"[3, 4, 11, 12, 14, 16]","[4, 5, 13, 14, 15]",29,55.840486563148545,5.859034717231533,31.229386786310478,50.89340676796673,17.91973391663426,38.352585174941005,20.084914699710804,37.17319450666778,56.55386845603746,9,2,10,0.2333517074584961

randomTurn,"[[857, 1], [0, 2]]",randomTurn,0,51,46,5,"[4, 5, 13, 14, 15]","[3, 4, 11, 12, 14, 16]",29,12.355135845548514,54.86732615021376,33.336593300630135,59.376452254557144,48.66030617790614,10.13185982524645,32.50414453219766,39.66014022443881,36.700737376344485,4,8,10,0.2333517074584961

playSmart_v2,"[0, 1]",playSmart_v1,"[[510, 1], [437, 2], [0, 3]]",60,62,-2,"[4, 14, 16]","[2, 4, 15]",33,3.937797139230935,20.795552454701546,10.360035497953238,51.940257364811046,38.495250013497895,17.796099579264844,41.63316385984121,38.286166341477895,23.48946243106312,4,0,10,67.05565166473389

playSmart_v1,"[[510, 1], [437, 2], [0, 3]]",playSmart_v2,"[0, 1]",62,60,2,"[2, 4, 15]","[4, 14, 16]",33,35.913693782571265,33.651429771338655,36.440689222565716,21.690274797220628,45.13679727592837,32.94436251097484,46.16052232443644,16.681056385399216,46.50209133290991,3,7,10,67.05565166473389

randomTurn,0,randomTurn,"[[285, 1], [0, 2]]",47,46,1,"[3, 5, 11, 12, 14, 15]","[3, 4, 12, 13, 15, 19]",27,7.319816877340507,42.799435695790876,27.886069692872493,14.702453654311151,35.276517816003874,17.0893635343922,15.831224506397277,44.33702549892135,1.3985027964585628,2,7,10,0.2875497341156006

randomTurn,"[[285, 1], [0, 2]]",randomTurn,0,46,47,-1,"[3, 4, 12, 13, 15, 19]","[3, 5, 11, 12, 14, 15]",27,3.8754072318656014,56.94746139227292,51.68548485875953,42.676326929193436,28.416018816308437,49.87414497508513,11.94987397724614,21.163669808973523,23.1068888856049,5,1,9,0.2875497341156006

playSmart_v1,0,randomTurn,"[[187, 1], [186, 2], [0, 3]]",61,27,34,"[3, 4, 14]","[1, 2, 3, 4, 7, 9, 12, 13, 14, 15, 16]",32,47.51227623563284,56.60595375637939,56.10980878423959,53.549369511949045,9.512643567547784,48.4646446956774,7.771380268545446,13.009823587092763,37.325898861087275,9,2,7,2.1179392337799072

randomTurn,"[[187, 1], [186, 2], [0, 3]]",playSmart_v1,0,27,61,-34,"[1, 2, 3, 4, 7, 9, 12, 13, 14, 15, 16]","[3, 4, 14]",32,52.10283995178864,10.439432136021177,43.73878734857122,53.8299721281138,58.832831789086526,31.24627337624562,38.59200859282155,14.922678819296113,57.77705681552231,0,3,6,2.1179392337799072

randomTurn,0,randomTurn,"[[496, 1], [0, 2]]",60,56,4,"[4, 12, 16]","[3, 13, 19, 20]",32,37.078733812349114,46.850781000336944,51.312893854520574,14.482401594414084,11.363649350555026,35.17457196862666,54.38089263287275,19.38949789929013,52.79203742203528,3,7,10,0.2488410472869873

randomTurn,"[[496, 1], [0, 2]]",randomTurn,0,56,60,-4,"[3, 13, 19, 20]","[4, 12, 16]",32,45.99094197289653,39.17954918228224,22.12655330280932,30.79948728452217,21.955644485513215,25.046866623700918,56.56446255946403,39.80525497881825,13.193135845574336,10,5,6,0.2488410472869873

randomTurn,0,randomTurn,"[[0, 1]]",44,60,-16,"[2, 3, 5, 12, 13, 15, 16]","[4, 13, 16]",33,27.686122060939343,26.913734547893778,15.461561147092333,52.733595473033006,12.937058029024161,24.090868498348236,35.91595734763229,13.212975167069706,32.02283756523184,5,6,8,0.271928071975708

randomTurn,"[[0, 1]]",randomTurn,0,60,44,16,"[4, 13, 16]","[2, 3, 5, 12, 13, 15, 16]",33,57.39277469524734,45.41359222395439,15.413823533108063,37.70185816601197,21.67107086661381,50.37996245064057,30.28038152334503,29.023302346893463,4.426958068916436,7,7,8,0.271928071975708

playSmart_v1,"[0, 1]",playSmart_v2,"[[0, 1]]",66,63,3,"[5, 12]","[2, 7, 15]",34,10.06066463232824,13.516407320142143,21.89900964827594,35.939357729801166,10.047585611285756,42.79554319125857,34.84394689776642,32.80547129003985,5.311845094055872,10,7,9,26.231013536453247

playSmart_v2,"[[0, 1]]",playSmart_v1,"[0, 1]",63,66,-3,"[2, 7, 15]","[5, 12]",34,1.26042364588461,29.902458574734872,17.49518177719204,53.94924468823127,33.634325854363624,12.113584540458149,54.845201631625194,48.622159818537874,19.438700663124592,8,5,8,26.231013536453247

playSmart_v2,0,randomTurn,"[[947, 1], [0, 2]]",56,61,-5,"[3, 4, 12, 15]","[6, 12, 14]",33,1.5996328784851623,42.76049085917971,37.75809502058676,53.78863907148876,37.6303539440259,26.955805235157577,29.583353146902777,13.085698731191227,53.97883373280684,10,3,8,98.2630250453949

randomTurn,"[[947, 1], [0, 2]]",playSmart_v2,0,61,56,5,"[6, 12, 14]","[3, 4, 12, 15]",33,35.327751945743934,24.382837684819783,24.508885539727082,39.54299104807898,26.57319438314273,59.840738250079035,25.452977431425126,29.71962292870323,35.906772342194415,9,3,5,98.2630250453949

randomTurn,0,randomTurn,"[[853, 1], [481, 2], [0, 3]]",46,55,-9,"[3, 4, 11, 13, 15, 16]","[13, 14, 15, 16]",31,31.319833288702515,8.279446648831943,20.728672355018883,32.82373809855568,9.412696169359444,14.35129269451979,43.719685178094444,9.460117947069238,7.926471845347308,3,7,10,0.24126696586608887

randomTurn,"[[853, 1], [481, 2], [0, 3]]",randomTurn,0,55,46,9,"[13, 14, 15, 16]","[3, 4, 11, 13, 15, 16]",31,54.03358875011773,2.651313267768082,42.942190209257,18.500100540854227,33.0396594223175,47.91524627636623,52.11364865725168,57.25852237692162,15.365568765406708,5,1,7,0.24126696586608887

randomTurn,0,playSmart_v2,"[[0, 1]]",55,60,-5,"[13, 14, 15, 16]","[4, 14, 15]",33,16.627242794884914,5.0465516458050566,25.369836292575414,47.39667058922523,1.1772489366191121,46.90866527663102,10.23333103451343,6.013772684048944,35.55196588039932,4,8,10,88.1028778553009

playSmart_v2,"[[0, 1]]",randomTurn,0,60,55,5,"[4, 14, 15]","[13, 14, 15, 16]",33,19.944425515500647,20.762598236503088,36.717572704313,47.08314624958499,36.833830237268025,53.81650985963587,55.13784883062195,11.220030689386563,51.60071892701137,2,5,10,88.1028778553009

playSmart_v2,"[[537, 1], [313, 2], [201, 3], [151, 4], [0, 5]]",playSmart_v2,"[[0, 1]]",65,57,8,"[14, 15]","[2, 4, 14, 20]",34,44.61597708804808,16.824580752141244,27.920030200039538,54.071060179989345,56.5448101674728,31.989061675567854,8.770786785218945,7.282582526874448,32.2105985882191,5,6,7,1042.2283957004547

playSmart_v2,"[[0, 1]]",playSmart_v2,"[[537, 1], [313, 2], [201, 3], [151, 4], [0, 5]]",57,65,-8,"[2, 4, 14, 20]","[14, 15]",34,5.707501651909739,29.229911675851525,49.53840384872191,48.09592742454816,2.185543430330781,14.956936238130387,33.06908786885021,15.286895720792906,13.058448274288658,3,7,9,1042.2283957004547

playSmart_v2,"[[0, 1]]",playSmart_v2,"[[0, 1]]",65,65,0,"[4, 14]","[14, 15]",35,31.307688451823097,36.30846588630797,32.49620205339587,5.9575606277539315,12.178305099500262,8.48315193499272,29.784565732844815,27.502246873531245,53.99773891631326,2,1,10,106.25016808509827

playSmart_v2,"[[0, 1]]",playSmart_v2,"[[0, 1]]",65,65,0,"[14, 15]","[4, 14]",35,51.87766594891616,32.93349501534581,10.490939882463657,52.69627751394283,25.836068340759212,16.161851836698844,39.24643511772226,48.40510866936262,42.36089258285434,10,5,9,106.25016808509827

playSmart_v1,0,randomTurn,"[[896, 1], [0, 2]]",56,48,8,"[3, 4, 12, 14]","[3, 4, 9, 12, 16, 17]",30,39.87833695963747,42.56290713323562,37.105086949667744,39.43200384394586,20.404426323412565,16.21679454523582,14.28998739651284,32.27443833392685,15.030622325803812,7,2,7,1.9340620040893555

randomTurn,"[[896, 1], [0, 2]]",playSmart_v1,0,48,56,-8,"[3, 4, 9, 12, 16, 17]","[3, 4, 12, 14]",30,31.974109613148755,51.28916839304637,41.67883370363293,23.793843650034894,39.937246283978006,56.657375898561604,47.57442622810279,30.97559278089103,35.072707480747745,2,0,6,1.9340620040893555

playSmart_v2,"[[307, 1], [188, 2], [88, 3], [0, 4]]",playSmart_v2,"[[458, 1], [0, 2]]",61,56,5,"[7, 12, 15]","[4, 7, 12, 14]",32,56.01652774915584,49.98553367261336,27.79454963910288,57.7605890336655,50.75795140086503,28.401315825245106,21.32897195100308,36.14512024169935,4.847339809633865,8,8,10,321.38004875183105

playSmart_v2,"[[458, 1], [0, 2]]",playSmart_v2,"[[307, 1], [188, 2], [88, 3], [0, 4]]",56,61,-5,"[4, 7, 12, 14]","[7, 12, 15]",32,11.282464085133782,6.917142292922265,54.5220390417274,44.698892742844414,24.241970564277437,57.654559250730934,32.86406323194335,8.322449687532409,45.311088586191445,0,3,10,321.38004875183105

playSmart_v1,"[0, 1]",playSmart_v2,"[[0, 1]]",61,66,-5,"[4, 5, 15]","[3, 15]",35,24.909636815765186,37.549256613844065,16.491262163674847,31.24192429565366,35.98639205373841,3.4823613741365076,39.597153582848264,27.639327579563787,28.911891346527796,9,4,8,21.181291580200195

playSmart_v2,"[[0, 1]]",playSmart_v1,"[0, 1]",66,61,5,"[3, 15]","[4, 5, 15]",35,10.477007823742513,37.03750222922864,51.724989879069625,9.215676450600832,13.603133630063173,22.450203834565293,10.96020008474322,56.15545606559836,13.338791966113291,10,0,5,21.181291580200195

playSmart_v1,0,randomTurn,"[[624, 1], [81, 2], [0, 3]]",60,36,24,"[4, 14, 15]","[5, 9, 11, 12, 13, 14, 15, 16]",32,30.529334213918904,26.281423292438596,16.887052425859157,49.5935336236474,12.123755628060744,26.356816811107237,49.78019305820232,46.12339080613301,7.220448934630026,3,5,10,1.6404633522033691

randomTurn,"[[624, 1], [81, 2], [0, 3]]",playSmart_v1,0,36,60,-24,"[5, 9, 11, 12, 13, 14, 15, 16]","[4, 14, 15]",32,31.210908907555584,55.19513790659651,7.630937720694281,39.8414910635103,17.854685992194806,4.6907802020125136,52.21750975005303,37.758698399286764,18.179675356978056,7,7,9,1.6404633522033691

playSmart_v1,0,randomTurn,"[[383, 1], [361, 2], [0, 3]]",61,49,12,"[3, 12, 14]","[2, 3, 6, 13, 14, 15]",32,21.906873267961288,55.81626687260435,41.29521664907454,11.60643169406616,15.856973062540613,51.30144914225407,14.954691583801006,32.0696514148316,46.97821898274045,2,7,10,1.5417447090148926

randomTurn,"[[383, 1], [361, 2], [0, 3]]",playSmart_v1,0,49,61,-12,"[2, 3, 6, 13, 14, 15]","[3, 12, 14]",32,58.32639890609733,6.237518188833796,5.599858087535735,16.2561322947276,55.343011947773626,50.88510830019743,23.016184289225702,56.96496525464034,59.15358184998747,10,2,9,1.5417447090148926

playSmart_v2,0,randomTurn,"[[0, 1]]",65,32,33,"[4, 14]","[3, 6, 12, 13, 14, 15, 16, 19, 20]",34,18.15114062970213,48.251556737906796,36.62386762634217,15.86892191955621,2.8499931519908044,36.67748716416348,19.908107881256544,29.27182177721115,13.824102787717989,4,6,8,72.03680062294006

randomTurn,"[[0, 1]]",playSmart_v2,0,32,65,-33,"[3, 6, 12, 13, 14, 15, 16, 19, 20]","[4, 14]",34,11.03494317180304,4.100902837853644,49.21568257386727,3.212582756638588,50.405045303494056,23.196626207332933,44.529013408148266,5.350016003374039,39.203624080784,0,7,10,72.03680062294006

randomTurn,"[0, 1]",playSmart_v1,"[[0, 1]]",47,55,-8,"[3, 4, 5, 9, 14, 16]","[4, 14, 15, 20]",31,35.852823973914774,38.89000355583571,50.92897472937552,8.267248473700924,59.13653930677796,35.69935503397403,43.611867702910146,14.597723904892673,14.564808598404767,6,0,4,2.357053518295288

playSmart_v1,"[[0, 1]]",randomTurn,"[0, 1]",55,47,8,"[4, 14, 15, 20]","[3, 4, 5, 9, 14, 16]",31,58.335423951527396,8.975583254683283,32.035489136717075,17.345797195245982,57.44289507886349,18.885396201738786,58.49702116524849,58.61233788689368,16.79049118875178,1,3,4,2.357053518295288

randomTurn,"[0, 1]",playSmart_v1,"[[11, 1], [11, 2], [0, 3]]",51,70,-19,"[3, 9, 12, 13, 14]",[4],37,25.522114630832366,4.027233939155649,14.290600674652765,47.35488843183731,18.519678459070445,23.7929074796577,6.466037267424049,32.173661960604335,9.48911877895313,4,6,10,2.1261544227600098

playSmart_v1,"[[11, 1], [11, 2], [0, 3]]",randomTurn,"[0, 1]",70,51,19,[4],"[3, 9, 12, 13, 14]",37,58.95404113618935,54.796216490432535,8.03483441175509,38.18958669474177,45.70270050682099,16.25853047257828,42.24231039143903,32.283532793591064,44.52581619417579,7,3,9,2.1261544227600098

playSmart_v2,"[[52, 1], [30, 2], [16, 3], [0, 4]]",playSmart_v2,"[[0, 1]]",58,65,-7,"[2, 3, 15, 19]","[14, 15]",35,5.848426766652287,48.81961038563486,28.48812128693509,13.789830805541898,33.48582865258374,4.6413597911229765,27.649632408287953,55.07077033479712,30.11987253936437,3,5,9,91.98460173606873

playSmart_v2,"[[0, 1]]",playSmart_v2,"[[52, 1], [30, 2], [16, 3], [0, 4]]",65,58,7,"[14, 15]","[2, 3, 15, 19]",35,49.076259915119515,17.78569898357559,55.31976042802131,13.935339688533388,16.788326475711543,29.898174326594273,29.019035442825917,11.597375889826605,48.50123480570666,1,3,9,91.98460173606873

playSmart_v2,"[[0, 1]]",playSmart_v2,"[[872, 1], [0, 2]]",70,55,15,[14],"[2, 7, 14, 15, 17]",36,19.377300970661597,37.40769562058695,40.09902945593315,9.84604521719466,42.253190628542654,38.7851009542076,59.36547689943384,20.33897989995919,36.98719730216211,6,6,10,127.3869640827179

playSmart_v2,"[[872, 1], [0, 2]]",playSmart_v2,"[[0, 1]]",55,70,-15,"[2, 7, 14, 15, 17]",[14],36,59.7385494676991,56.06081702369912,40.3486073211219,15.7746386158123,9.392061635547067,33.89632303699561,45.629030903944184,44.21032241562619,53.775634462882074,0,8,10,127.3869640827179

playSmart_v1,"[0, 1]",playSmart_v2,"[[503, 1], [0, 2]]",61,58,3,"[3, 15, 20]","[1, 4, 14, 16]",32,23.40215782826595,27.933434686151422,12.936026559262482,29.593642052520263,11.06893878726618,6.60549044024312,34.30613936016966,37.016920420481036,28.104403682453942,10,0,10,61.64508891105652

playSmart_v2,"[[503, 1], [0, 2]]",playSmart_v1,"[0, 1]",58,61,-3,"[1, 4, 14, 16]","[3, 15, 20]",32,46.43377299706988,3.4027189450645734,40.929391849704146,48.46154175657599,46.900586915673316,40.19262491514406,49.866950527894126,34.65203931614743,12.869446858953129,3,0,4,61.64508891105652

randomTurn,0,randomTurn,"[[0, 1]]",53,50,3,"[2, 3, 12, 13, 14]","[4, 9, 12, 13, 14]",29,25.642436040762096,35.679613798831554,9.466841776827692,45.10557645017394,32.601716602512,39.88107938472012,51.776107884089,26.925906413479638,48.87215106263601,4,1,10,0.23665690422058105

randomTurn,"[[0, 1]]",randomTurn,0,50,53,-3,"[4, 9, 12, 13, 14]","[2, 3, 12, 13, 14]",29,36.28016726094421,18.538516506671737,57.30189541668712,11.472945776018094,32.46607887729809,56.03730950314927,48.933127771874766,27.043208598108627,3.7449665439446056,0,5,9,0.23665690422058105

randomTurn,0,playSmart_v2,"[[0, 1]]",56,56,0,"[3, 4, 9, 19]","[3, 4, 14, 19]",31,34.59043083196902,31.220133627443943,47.914203140999525,20.221417059646566,14.109181353561514,19.647665706145837,44.85141094213377,46.557220856757745,46.95531831297918,4,4,8,82.4127128124237

playSmart_v2,"[[0, 1]]",randomTurn,0,56,56,0,"[3, 4, 14, 19]","[3, 4, 9, 19]",31,53.38152857675394,39.1809847392796,59.801115259626435,54.38138402279667,40.19591189622439,58.976871774712414,11.850094338642895,56.308612998221406,5.958455564318664,8,2,7,82.4127128124237

playSmart_v2,0,randomTurn,"[[299, 1], [70, 2], [0, 3]]",65,33,32,"[4, 15]","[3, 4, 5, 6, 11, 12, 13, 15, 16]",34,18.880559835230724,45.57205474487488,43.34312977689049,2.0082147095801104,54.77702364112908,54.18006592352244,40.56122624472696,25.968301306290705,41.05526879897579,1,5,10,84.36653971672058

randomTurn,"[[299, 1], [70, 2], [0, 3]]",playSmart_v2,0,33,65,-32,"[3, 4, 5, 6, 11, 12, 13, 15, 16]","[4, 15]",34,9.795816563605975,13.4842493188021,55.95868445476568,11.51677653058551,26.67349351188572,32.54205440549748,11.375151609241486,43.27462157378284,4.434711292059065,3,8,10,84.36653971672058

playSmart_v1,0,randomTurn,"[[451, 1], [0, 2]]",65,31,34,"[4, 14]","[5, 9, 11, 13, 14, 15, 16, 19, 20]",34,57.110861931783056,37.953835857154374,10.587071176861988,55.77935658177753,45.09533907101457,2.0869843372655295,7.4820702895526425,42.202094803946395,29.03982605991812,10,0,7,1.9204251766204834

randomTurn,"[[451, 1], [0, 2]]",playSmart_v1,0,31,65,-34,"[5, 9, 11, 13, 14, 15, 16, 19, 20]","[4, 14]",34,51.60065223000516,48.53665999447853,13.261477810584651,36.949073788671306,17.1597329851173,20.793164033450374,7.602214719765252,13.602275074270832,59.235484865923524,2,4,5,1.9204251766204834

randomTurn,0,randomTurn,"[[366, 1], [214, 2], [0, 3]]",51,45,6,"[4, 6, 9, 13, 15]","[4, 13, 14, 15, 16, 20]",28,53.662638491606025,45.44717036511107,47.9824650667412,8.590067216576259,57.259507691953665,54.45993031093198,48.24469595527404,53.17866960440581,10.06911709723808,4,1,8,0.22591733932495117

randomTurn,"[[366, 1], [214, 2], [0, 3]]",randomTurn,0,45,51,-6,"[4, 13, 14, 15, 16, 20]","[4, 6, 9, 13, 15]",28,3.032364270101104,38.47763585954813,58.19029398793111,5.481623678600622,35.59079468676315,16.556774121228532,31.808909497917327,4.191892421614771,16.622693693560656,3,2,5,0.22591733932495117

randomTurn,0,playSmart_v2,"[[0, 1]]",38,66,-28,"[3, 4, 6, 7, 9, 13, 14, 15]","[3, 14]",35,19.92661218226584,29.15254455882076,4.709613187836084,7.909919509509007,43.882515691795675,56.34579907270765,53.20584670278139,10.511960182066627,36.13621256112666,6,8,10,71.69734048843384

playSmart_v2,"[[0, 1]]",randomTurn,0,66,38,28,"[3, 14]","[3, 4, 6, 7, 9, 13, 14, 15]",35,47.615779991847894,3.1285146968250594,30.363572557633844,54.446737344455826,56.69568588152488,56.16174214193465,20.422686466095094,34.53485487040632,15.520918169552424,2,0,3,71.69734048843384

playSmart_v2,"[[836, 1], [122, 2], [34, 3], [24, 4], [0, 5]]",playSmart_v2,"[[274, 1], [62, 2], [0, 3]]",57,57,0,"[2, 16, 19, 20]","[3, 7, 15, 16]",31,22.015120387072578,4.132240116432134,47.74469915673247,41.433747948288264,49.59798445785223,58.616365377707524,50.55466897838655,47.669533877733244,9.431607248438153,8,7,8,235.9832320213318

playSmart_v2,"[[274, 1], [62, 2], [0, 3]]",playSmart_v2,"[[836, 1], [122, 2], [34, 3], [24, 4], [0, 5]]",57,57,0,"[3, 7, 15, 16]","[2, 16, 19, 20]",31,31.625911628869233,19.055416726463662,7.20344754061158,59.45687915034266,32.70235920136048,27.674471810184116,35.87731712707792,38.696905957033394,38.38863181319747,1,1,3,235.9832320213318

randomTurn,0,randomTurn,"[[53, 1], [11, 2], [0, 3]]",46,65,-19,"[4, 6, 9, 11, 13, 16]","[13, 19]",35,2.116489025230418,50.27290562129734,28.32407661637611,21.92462307500509,16.736037301376584,5.150648000368734,55.64450331005844,31.369842323809106,21.92672829848601,0,7,10,0.2618865966796875

randomTurn,"[[53, 1], [11, 2], [0, 3]]",randomTurn,0,65,46,19,"[13, 19]","[4, 6, 9, 11, 13, 16]",35,32.84352262449407,16.3617168761701,14.784383468080929,24.106029508046106,3.3157130842712514,2.212057735826762,46.11699619619789,33.94652677925199,40.748444243004826,0,4,5,0.2618865966796875

playSmart_v2,"[[0, 1]]",playSmart_v2,"[[0, 1]]",48,63,-15,"[2, 3, 12, 14, 15, 16]","[7, 14, 17]",33,41.33098659088246,16.228042188039716,54.618891570879626,5.691467620379994,1.842676049965839,33.92467471738866,28.38463863594468,33.55437053932396,54.12568463739149,3,2,6,119.8184859752655

playSmart_v2,"[[0, 1]]",playSmart_v2,"[[0, 1]]",63,48,15,"[7, 14, 17]","[2, 3, 12, 14, 15, 16]",33,41.04649070151623,22.46160904278514,33.87972178219725,15.370670549146356,18.200097149968187,51.974596011309885,1.3415069609669685,19.940417560483255,47.36755164148779,6,3,5,119.8184859752655

randomTurn,0,playSmart_v2,"[[15, 1], [10, 2], [0, 3]]",31,60,-29,"[2, 3, 7, 12, 14, 15, 16, 17, 19, 20]","[4, 15, 20]",33,19.43968748300335,50.51704558468881,26.25079144826944,18.642387243039394,32.241423084936976,7.049563335864993,29.987807789119213,55.34469254541626,8.941029447638375,4,1,9,73.40338277816772

playSmart_v2,"[[15, 1], [10, 2], [0, 3]]",randomTurn,0,60,31,29,"[4, 15, 20]","[2, 3, 7, 12, 14, 15, 16, 17, 19, 20]",33,18.09128680873944,50.972895938379196,54.52485617680376,20.440410203301226,59.93036751015312,36.146643810224916,4.157431526747402,50.22587293105504,26.348708010891038,4,6,10,73.40338277816772

playSmart_v2,0,randomTurn,"[[503, 1], [0, 2]]",65,18,47,"[4, 14]","[1, 2, 3, 6, 7, 9, 11, 12, 13, 14, 15, 16, 20]",34,15.722610200874298,8.630143530282108,1.070340172261981,48.20290959630146,46.537205189329796,32.91460279906448,9.780112750600564,18.313301387102488,23.887408665840617,3,1,3,101.34461855888367

randomTurn,"[[503, 1], [0, 2]]",playSmart_v2,0,18,65,-47,"[1, 2, 3, 6, 7, 9, 11, 12, 13, 14, 15, 16, 20]","[4, 14]",34,12.845484587948071,18.490704952705403,50.26932641522215,28.54789675088567,35.832418604674984,50.360557595733695,19.385081933470243,19.276049048911467,25.76021013040048,0,7,10,101.34461855888367

playSmart_v1,"[0, 1]",playSmart_v1,"[[919, 1], [0, 2]]",67,54,13,"[2, 16]","[2, 4, 12, 14, 17]",34,34.31582223176088,32.89150212253239,26.011398524259988,16.9669414850381,5.683336616405109,28.331373995070326,25.446847765005458,28.451089202556975,19.677222141044687,5,0,7,1.5690841674804688

playSmart_v1,"[[919, 1], [0, 2]]",playSmart_v1,"[0, 1]",54,67,-13,"[2, 4, 12, 14, 17]","[2, 16]",34,26.566950587485394,35.716846087949925,39.62931507399623,25.69056113773962,4.2470251209900685,29.44674130968735,8.90839005758158,34.17689913130619,20.615566236021102,6,3,7,1.5690841674804688

randomTurn,"[0, 1]",playSmart_v1,"[[670, 1], [0, 2]]",29,65,-36,"[2, 4, 5, 6, 12, 13, 14, 15, 16, 20]","[4, 12]",35,13.778193989018007,49.714045340503596,3.32625398004082,59.0925899679454,13.02469600366755,39.16938505709744,3.4243650165047685,11.867546153329943,52.446589185291636,9,5,6,1.8022480010986328

playSmart_v1,"[[670, 1], [0, 2]]",randomTurn,"[0, 1]",65,29,36,"[4, 12]","[2, 4, 5, 6, 12, 13, 14, 15, 16, 20]",35,49.74240827799078,51.88093174185261,23.431219370293768,52.709759132740786,35.29270153024085,21.03262413520975,51.725395830094364,47.92741473938751,37.992187715683926,0,6,8,1.8022480010986328

playSmart_v1,"[0, 1]",playSmart_v1,"[[606, 1], [0, 2]]",62,58,4,"[2, 4, 15]","[2, 3, 4, 15]",32,32.89657228803741,59.30488933355227,58.9518846884587,9.593051328723833,26.560696816905107,44.257565510810764,46.37037087846073,2.5740684675852115,13.115710383336486,10,3,5,1.9081170558929443

playSmart_v1,"[[606, 1], [0, 2]]",playSmart_v1,"[0, 1]",58,62,-4,"[2, 3, 4, 15]","[2, 4, 15]",32,14.6227328626871,14.333764325455475,39.43242351344084,37.268632780210226,40.63917150967204,8.574436111155265,23.763794523744483,15.377604169283254,47.49339804633988,9,2,5,1.9081170558929443

randomTurn,"[0, 1]",playSmart_v1,"[[661, 1], [0, 2]]",55,60,-5,"[13, 14, 16, 19]","[14, 15, 20]",33,17.983129315879893,32.292840059633136,4.7621277605756305,12.391623185596856,31.77820258432618,49.85983420453827,21.169399267900417,31.595115151590267,53.502912735730185,5,8,10,1.5552055835723877

playSmart_v1,"[[661, 1], [0, 2]]",randomTurn,"[0, 1]",60,55,5,"[14, 15, 20]","[13, 14, 16, 19]",33,36.33853568831323,40.576431761884294,43.356242174563256,26.513184271094094,21.42346674302836,23.229845903779403,29.56728624470102,41.699267644461116,18.458208115361362,7,6,10,1.5552055835723877

playSmart_v2,0,randomTurn,"[[0, 1]]",60,57,3,"[4, 14, 15]","[3, 7, 13, 14]",32,25.27987709670543,6.659175811702318,54.41419275171265,36.10032546313295,8.348402290357564,3.9150102847511596,48.555283143021555,46.13217157335212,7.362068608629674,6,6,10,92.83427453041077

randomTurn,"[[0, 1]]",playSmart_v2,0,57,60,-3,"[3, 7, 13, 14]","[4, 14, 15]",32,46.59175672713382,2.9855669901407165,28.36503272807682,22.517056533043082,32.88543842445442,42.459303658141685,35.91753696103797,50.57770698466606,56.29239847630625,3,4,10,92.83427453041077

playSmart_v2,0,randomTurn,"[[0, 1]]",70,36,34,[15],"[3, 9, 11, 12, 14, 15, 16, 20]",36,26.047549069881484,11.948810385987334,35.18846990513282,15.330754765395547,56.447177031094924,15.95549050136339,6.9761653600419535,34.9152952655079,8.951481927340946,5,6,8,121.05899810791016

randomTurn,"[[0, 1]]",playSmart_v2,0,36,70,-34,"[3, 9, 11, 12, 14, 15, 16, 20]",[15],36,13.675061207964557,35.97267850781301,30.602929130170914,3.0947568825057643,2.4940066464973643,56.11532647945805,34.25493805124611,38.16098111026045,46.86742977136883,7,2,5,121.05899810791016

playSmart_v1,0,randomTurn,"[[522, 1], [0, 2]]",58,42,16,"[2, 3, 4, 19]","[5, 7, 9, 13, 14, 15, 19]",30,31.741513466580496,24.272710012802868,51.67567887061686,30.745467151070848,45.694956502975266,51.25968337561173,14.424458679958544,26.16960762766987,2.254783561135511,10,0,5,1.6919195652008057

randomTurn,"[[522, 1], [0, 2]]",playSmart_v1,0,42,58,-16,"[5, 7, 9, 13, 14, 15, 19]","[2, 3, 4, 19]",30,16.896541222556067,24.76575294559189,47.74874077325116,39.825365284482196,42.897153263702656,28.203062890348882,23.642201994381686,45.95393317286231,31.814806190435835,9,5,6,1.6919195652008057

playSmart_v1,"[0, 1]",playSmart_v1,"[[0, 1]]",70,61,9,[15],"[3, 12, 15]",36,5.812986925343315,35.11831147408689,32.91523620748995,52.051122183738876,4.622371417842552,46.21593794971061,46.13134629822765,50.90404126131204,59.42706121262165,3,3,8,1.9804863929748535

playSmart_v1,"[[0, 1]]",playSmart_v1,"[0, 1]",61,70,-9,"[3, 12, 15]",[15],36,45.68507270645185,48.68745702678782,3.3144717845433522,15.604353418948186,43.043278444457556,12.198639041312132,11.832691994549768,34.2484727429653,10.246990681721805,5,1,7,1.9804863929748535

playSmart_v1,"[0, 1]",playSmart_v1,"[[0, 1]]",66,68,-2,"[3, 15]","[5, 17]",35,52.348084411049385,17.42138492307374,56.79897101448337,55.579899926447084,21.14183515760405,30.14474686888083,7.466564026320545,13.219884256446672,18.03227769432879,5,3,7,2.567484140396118

playSmart_v1,"[[0, 1]]",playSmart_v1,"[0, 1]",68,66,2,"[5, 17]","[3, 15]",35,20.72933835039755,54.48062137136292,6.956109665278939,57.141184621136496,48.73322959854853,5.911970044943956,39.674835747734946,14.433742373589952,34.99347281849033,0,8,10,2.567484140396118

playSmart_v2,"[[782, 1], [0, 2]]",playSmart_v2,"[[0, 1]]",60,43,17,"[4, 12, 16]","[2, 3, 12, 14, 15, 19, 20]",32,47.90082241524288,43.391867711159094,55.095057790534604,13.1438175560053,24.895179371068487,50.278873245630614,44.06044087636977,28.412040911509617,1.8154594740592211,7,6,10,3716.0301988124847

playSmart_v2,"[[0, 1]]",playSmart_v2,"[[782, 1], [0, 2]]",43,60,-17,"[2, 3, 12, 14, 15, 19, 20]","[4, 12, 16]",32,26.4059694653243,57.16507105390947,39.99887664090743,57.39132308114306,8.92076669260065,8.633446763637306,20.58417448281869,40.66612979839529,34.02893738482543,7,2,5,3716.0301988124847

playSmart_v1,0,randomTurn,"[[0, 1]]",52,41,11,"[2, 4, 14, 15, 20]","[1, 2, 3, 4, 11, 12, 14, 20]",28,17.922208866509614,26.88485955274917,47.615786828882015,58.03900171274648,53.577617817432866,40.223704907016675,26.35229604189684,22.996930770598166,22.90391880835014,2,2,6,2.060739755630493

randomTurn,"[[0, 1]]",playSmart_v1,0,41,52,-11,"[1, 2, 3, 4, 11, 12, 14, 20]","[2, 4, 14, 15, 20]",28,21.593681784571558,5.042543415290539,20.994399781881167,36.600179250089774,5.1849396538591845,28.696069835992226,33.00613913415128,41.27629286246898,20.179968182533496,3,1,10,2.060739755630493

playSmart_v2,"[0, 1]",playSmart_v1,"[[575, 1], [0, 2]]",70,71,-1,[15],[3],37,38.56865811080808,57.76207152164553,52.23517085928063,17.220895650253937,6.91010448026108,9.974095754347266,15.770693040088426,1.5365228286849968,46.52170916857663,10,0,4,35.879140853881836

playSmart_v1,"[[575, 1], [0, 2]]",playSmart_v2,"[0, 1]",71,70,1,[3],[15],37,19.548961499298183,16.313911139249583,55.139361926859884,46.92269588970884,12.67991385706179,34.7643897939179,19.950722397666045,37.56922191184231,30.60458939816748,3,1,6,35.879140853881836

playSmart_v1,0,randomTurn,"[[0, 1]]",56,35,21,"[3, 4, 15, 19]","[2, 7, 12, 13, 14, 15, 16, 17, 19]",30,47.798377942744665,19.94917659556552,42.77551782498793,48.86067126473201,7.92129580192863,20.065364607469398,17.852095268763158,53.05082812551684,15.934683839670065,5,3,4,1.9708616733551025

randomTurn,"[[0, 1]]",playSmart_v1,0,35,56,-21,"[2, 7, 12, 13, 14, 15, 16, 17, 19]","[3, 4, 15, 19]",30,52.70320287120627,55.357985396837165,6.385399171281891,46.47506163373088,13.367574233333466,35.9939754798561,51.72672867283152,26.32620244984908,2.897317425438841,3,4,7,1.9708616733551025

